{
  "acacia_boat": {
    "acacia_planks": 5
  },
  "acacia_button": {
    "acacia_planks": 1
  },
  "acacia_chest_boat": {
    "planks": 8,
    "acacia_planks": 5
  },
  "acacia_door": {
    "acacia_planks": 6
  },
  "acacia_fence": {
    "stick": 2,
    "acacia_planks": 4
  },
  "acacia_fence_gate": {
    "stick": 4,
    "acacia_planks": 2
  },
  "acacia_hanging_sign": {
    "stripped_acacia_log": 6,
    "iron_chain": 2
  },
  "acacia_planks": {
    "acacia_logs": 1
  },
  "acacia_pressure_plate": {
    "acacia_planks": 2
  },
  "acacia_shelf": {
    "stripped_acacia_log": 6
  },
  "acacia_sign": {
    "acacia_planks": 6,
    "stick": 1
  },
  "acacia_slab": {
    "acacia_planks": 3
  },
  "acacia_stairs": {
    "acacia_planks": 6
  },
  "acacia_trapdoor": {
    "acacia_planks": 6
  },
  "acacia_wood": {
    "acacia_log": 4
  },
  "activator_rail": {
    "redstone_torch": 1,
    "stick": 2,
    "iron_ingot": 6
  },
  "amethyst_block": {
    "amethyst_shard": 4
  },
  "andesite": {
    "diorite": 1,
    "cobblestone": 1
  },
  "andesite_slab": {
    "andesite": 3
  },
  "andesite_stairs": {
    "andesite": 6
  },
  "andesite_wall": {
    "andesite": 6
  },
  "anvil": {
    "iron_block": 3,
    "iron_ingot": 4
  },
  "armor_stand": {
    "stick": 6,
    "smooth_stone_slab": 1
  },
  "arrow": {
    "stick": 1,
    "flint": 1,
    "feather": 1
  },
  "baked_potato": {
    "potato": 1
  },
  "bamboo_block": {
    "bamboo": 9
  },
  "bamboo_button": {
    "bamboo_planks": 1
  },
  "bamboo_chest_raft": {
    "chest": 1,
    "bamboo_raft": 1
  },
  "bamboo_door": {
    "bamboo_planks": 6
  },
  "bamboo_fence": {
    "stick": 2,
    "bamboo_planks": 4
  },
  "bamboo_fence_gate": {
    "stick": 4,
    "bamboo_planks": 2
  },
  "bamboo_hanging_sign": {
    "stripped_bamboo_block": 6,
    "iron_chain": 2
  },
  "bamboo_mosaic": {
    "bamboo_slab": 2
  },
  "bamboo_mosaic_slab": {
    "bamboo_mosaic": 3
  },
  "bamboo_mosaic_stairs": {
    "bamboo_mosaic": 6
  },
  "bamboo_planks": {
    "bamboo_blocks": 1
  },
  "bamboo_pressure_plate": {
    "bamboo_planks": 2
  },
  "bamboo_raft": {
    "bamboo_planks": 5
  },
  "bamboo_shelf": {
    "stripped_bamboo_block": 6
  },
  "bamboo_sign": {
    "bamboo_planks": 6,
    "stick": 1
  },
  "bamboo_slab": {
    "bamboo_planks": 3
  },
  "bamboo_stairs": {
    "bamboo_planks": 6
  },
  "bamboo_trapdoor": {
    "bamboo_planks": 6
  },
  "barrel": {
    "planks": 6,
    "wooden_slabs": 2
  },
  "beacon": {
    "glass": 5,
    "obsidian": 3,
    "nether_star": 1
  },
  "beehive": {
    "honeycomb": 3,
    "planks": 6
  },
  "beetroot_soup": {
    "bowl": 1,
    "beetroot": 6
  },
  "birch_boat": {
    "birch_planks": 5
  },
  "birch_button": {
    "birch_planks": 1
  },
  "birch_chest_boat": {
    "chest": 1,
    "birch_boat": 1
  },
  "birch_door": {
    "birch_planks": 6
  },
  "birch_fence": {
    "stick": 2,
    "birch_planks": 4
  },
  "birch_fence_gate": {
    "stick": 4,
    "birch_planks": 2
  },
  "birch_hanging_sign": {
    "stripped_birch_log": 6,
    "iron_chain": 2
  },
  "birch_planks": {
    "birch_logs": 1
  },
  "birch_pressure_plate": {
    "birch_planks": 2
  },
  "birch_shelf": {
    "stripped_birch_log": 6
  },
  "birch_sign": {
    "birch_planks": 6,
    "stick": 1
  },
  "birch_slab": {
    "birch_planks": 3
  },
  "birch_stairs": {
    "birch_planks": 6
  },
  "birch_trapdoor": {
    "birch_planks": 6
  },
  "birch_wood": {
    "birch_log": 4
  },
  "black_banner": {
    "black_wool": 6,
    "stick": 1
  },
  "black_bed": {
    "black_wool": 3,
    "planks": 3
  },
  "black_bundle": {},
  "black_candle": {
    "candle": 1,
    "black_dye": 1
  },
  "black_carpet": {
    "black_wool": 2
  },
  "black_concrete_powder": {
    "black_dye": 1,
    "sand": 4,
    "gravel": 4
  },
  "black_dye": {
    "ink_sac": 1
  },
  "black_glazed_terracotta": {
    "black_terracotta": 1
  },
  "black_harness": {
    "black_wool": 1,
    "glass": 2,
    "leather": 3
  },
  "black_shulker_box": {},
  "black_stained_glass": {
    "glass": 8,
    "black_dye": 1
  },
  "black_stained_glass_pane": {
    "black_stained_glass": 6
  },
  "black_terracotta": {
    "terracotta": 8,
    "black_dye": 1
  },
  "blackstone_slab": {
    "blackstone": 3
  },
  "blackstone_stairs": {
    "blackstone": 6
  },
  "blackstone_wall": {
    "blackstone": 6
  },
  "blast_furnace": {
    "smooth_stone": 3,
    "iron_ingot": 5,
    "furnace": 1
  },
  "blaze_powder": {
    "blaze_rod": 1
  },
  "blue_banner": {
    "blue_wool": 6,
    "stick": 1
  },
  "blue_bed": {
    "blue_wool": 3,
    "planks": 3
  },
  "blue_bundle": {},
  "blue_candle": {
    "candle": 1,
    "blue_dye": 1
  },
  "blue_carpet": {
    "blue_wool": 2
  },
  "blue_concrete_powder": {
    "blue_dye": 1,
    "sand": 4,
    "gravel": 4
  },
  "blue_dye": {
    "lapis_lazuli": 1
  },
  "blue_glazed_terracotta": {
    "blue_terracotta": 1
  },
  "blue_harness": {
    "blue_wool": 1,
    "glass": 2,
    "leather": 3
  },
  "blue_ice": {
    "packed_ice": 9
  },
  "blue_shulker_box": {},
  "blue_stained_glass": {
    "glass": 8,
    "blue_dye": 1
  },
  "blue_stained_glass_pane": {
    "blue_stained_glass": 6
  },
  "blue_terracotta": {
    "terracotta": 8,
    "blue_dye": 1
  },
  "bolt_armor_trim_smithing_template": {
    "diamond": 7
  },
  "bone_block": {
    "bone_meal": 9
  },
  "bone_meal": {
    "bone": 1
  },
  "book": {
    "paper": 3,
    "leather": 1
  },
  "bookshelf": {
    "planks": 6,
    "book": 3,
    "leather": 3,
    "paper": 9
  },
  "bordure_indented_banner_pattern": {
    "paper": 1,
    "vine": 1
  },
  "bow": {
    "stick": 3,
    "string": 3
  },
  "bowl": {
    "planks": 3
  },
  "bread": {
    "wheat": 3
  },
  "brewing_stand": {
    "stone_crafting_materials": 3,
    "blaze_rod": 1
  },
  "brick": {
    "clay_ball": 1
  },
  "brick_slab": {
    "bricks": 3
  },
  "brick_stairs": {
    "bricks": 6
  },
  "brick_wall": {
    "bricks": 6
  },
  "bricks": {
    "brick": 4
  },
  "brown_banner": {
    "brown_wool": 6,
    "stick": 1
  },
  "brown_bed": {
    "brown_wool": 3,
    "planks": 3
  },
  "brown_bundle": {},
  "brown_candle": {
    "candle": 1,
    "brown_dye": 1
  },
  "brown_carpet": {
    "brown_wool": 2
  },
  "brown_concrete_powder": {
    "brown_dye": 1,
    "sand": 4,
    "gravel": 4
  },
  "brown_dye": {
    "cocoa_beans": 1
  },
  "brown_glazed_terracotta": {
    "brown_terracotta": 1
  },
  "brown_harness": {
    "brown_wool": 1,
    "glass": 2,
    "leather": 3
  },
  "brown_shulker_box": {},
  "brown_stained_glass": {
    "glass": 8,
    "brown_dye": 1
  },
  "brown_stained_glass_pane": {
    "brown_stained_glass": 6
  },
  "brown_terracotta": {
    "terracotta": 8,
    "brown_dye": 1
  },
  "brush": {
    "copper_ingot": 1,
    "stick": 1,
    "feather": 1
  },
  "bucket": {
    "iron_ingot": 3
  },
  "bundle": {
    "leather": 1,
    "string": 1
  },
  "cake": {
    "milk_bucket": 3,
    "sugar": 2,
    "wheat": 3,
    "eggs": 1
  },
  "calibrated_sculk_sensor": {
    "amethyst_shard": 3,
    "sculk_sensor": 1
  },
  "campfire": {
    "coals": 1,
    "logs": 3,
    "stick": 3
  },
  "candle": {
    "honeycomb": 1,
    "string": 1
  },
  "carrot_on_a_stick": {
    "fishing_rod": 1,
    "carrot": 1
  },
  "cartography_table": {
    "planks": 4,
    "paper": 2
  },
  "cauldron": {
    "iron_ingot": 7
  },
  "charcoal": {
    "logs_that_burn": 1
  },
  "cherry_boat": {
    "cherry_planks": 5
  },
  "cherry_button": {
    "cherry_planks": 1
  },
  "cherry_chest_boat": {
    "chest": 1,
    "cherry_boat": 1
  },
  "cherry_door": {
    "cherry_planks": 6
  },
  "cherry_fence": {
    "stick": 2,
    "cherry_planks": 4
  },
  "cherry_fence_gate": {
    "stick": 4,
    "cherry_planks": 2
  },
  "cherry_hanging_sign": {
    "stripped_cherry_log": 6,
    "iron_chain": 2
  },
  "cherry_planks": {
    "cherry_logs": 1
  },
  "cherry_pressure_plate": {
    "cherry_planks": 2
  },
  "cherry_shelf": {
    "stripped_cherry_log": 6
  },
  "cherry_sign": {
    "cherry_planks": 6,
    "stick": 1
  },
  "cherry_slab": {
    "cherry_planks": 3
  },
  "cherry_stairs": {
    "cherry_planks": 6
  },
  "cherry_trapdoor": {
    "cherry_planks": 6
  },
  "cherry_wood": {
    "cherry_log": 4
  },
  "chest": {
    "planks": 8
  },
  "chest_minecart": {
    "chest": 1,
    "minecart": 1
  },
  "chiseled_bookshelf": {
    "planks": 6,
    "wooden_slabs": 3
  },
  "chiseled_copper": {
    "cut_copper_slab": 2
  },
  "chiseled_deepslate": {
    "cobbled_deepslate_slab": 2
  },
  "chiseled_nether_bricks": {
    "nether_brick_slab": 2
  },
  "chiseled_polished_blackstone": {
    "polished_blackstone_slab": 2
  },
  "chiseled_quartz_block": {
    "quartz_slab": 2
  },
  "chiseled_red_sandstone": {
    "red_sandstone_slab": 2
  },
  "chiseled_resin_bricks": {
    "resin_brick_slab": 2
  },
  "chiseled_sandstone": {
    "sandstone_slab": 2
  },
  "chiseled_stone_bricks": {
    "stone_brick_slab": 2
  },
  "chiseled_tuff": {
    "tuff_slab": 2
  },
  "chiseled_tuff_bricks": {
    "tuff_brick_slab": 2
  },
  "clay": {
    "clay_ball": 4
  },
  "clock": {
    "gold_ingot": 4,
    "redstone": 1
  },
  "coal": {},
  "coal_block": {
    "coal": 9
  },
  "coarse_dirt": {
    "dirt": 2,
    "gravel": 2
  },
  "coast_armor_trim_smithing_template": {
    "diamond": 7,
    "cobblestone": 1
  },
  "cobbled_deepslate_slab": {
    "cobbled_deepslate": 3
  },
  "cobbled_deepslate_stairs": {
    "cobbled_deepslate": 6
  },
  "cobbled_deepslate_wall": {
    "cobbled_deepslate": 6
  },
  "cobblestone_slab": {
    "cobblestone": 3
  },
  "cobblestone_stairs": {
    "cobblestone": 6
  },
  "cobblestone_wall": {
    "cobblestone": 6
  },
  "comparator": {
    "redstone_torch": 3,
    "stone": 3,
    "quartz": 1
  },
  "compass": {
    "iron_ingot": 4,
    "redstone": 1
  },
  "composter": {
    "wooden_slabs": 7
  },
  "conduit": {
    "nautilus_shell": 8,
    "heart_of_the_sea": 1
  },
  "cooked_beef": {
    "beef": 1
  },
  "cooked_chicken": {
    "chicken": 1
  },
  "cooked_cod": {
    "cod": 1
  },
  "cooked_mutton": {
    "mutton": 1
  },
  "cooked_porkchop": {
    "porkchop": 1
  },
  "cooked_rabbit": {
    "rabbit": 1
  },
  "cooked_salmon": {
    "salmon": 1
  },
  "cookie": {
    "wheat": 2,
    "cocoa_beans": 1
  },
  "copper_axe": {
    "stick": 2,
    "copper_tool_materials": 3
  },
  "copper_bars": {
    "copper_ingot": 6
  },
  "copper_block": {
    "copper_ingot": 9
  },
  "copper_boots": {
    "copper_ingot": 4
  },
  "copper_bulb": {
    "blaze_rod": 1,
    "copper_block": 3,
    "redstone": 1
  },
  "copper_chain": {
    "copper_ingot": 1,
    "copper_nugget": 2
  },
  "copper_chest": {
    "copper_ingot": 8,
    "chest": 1
  },
  "copper_chestplate": {
    "copper_ingot": 8
  },
  "copper_door": {
    "copper_ingot": 6
  },
  "copper_grate": {
    "copper_block": 4
  },
  "copper_helmet": {
    "copper_ingot": 5
  },
  "copper_hoe": {
    "stick": 2,
    "copper_tool_materials": 2
  },
  "copper_ingot": {},
  "copper_lantern": {
    "copper_torch": 1,
    "copper_nugget": 8
  },
  "copper_leggings": {
    "copper_ingot": 7
  },
  "copper_nugget": {},
  "copper_pickaxe": {
    "stick": 2,
    "copper_tool_materials": 3
  },
  "copper_shovel": {
    "stick": 2,
    "copper_tool_materials": 1
  },
  "copper_sword": {
    "stick": 1,
    "copper_tool_materials": 2
  },
  "copper_torch": {
    "stick": 1,
    "copper_nugget": 1
  },
  "copper_trapdoor": {
    "copper_ingot": 4
  },
  "cracked_deepslate_bricks": {
    "deepslate_bricks": 1
  },
  "cracked_deepslate_tiles": {
    "deepslate_tiles": 1
  },
  "cracked_nether_bricks": {
    "nether_bricks": 1
  },
  "cracked_polished_blackstone_bricks": {
    "polished_blackstone_bricks": 1
  },
  "cracked_stone_bricks": {
    "stone_bricks": 1
  },
  "crafter": {
    "iron_ingot": 5,
    "crafting_table": 1,
    "dropper": 1,
    "redstone": 2
  },
  "crafting_table": {
    "planks": 4
  },
  "creaking_heart": {
    "pale_oak_log": 2,
    "resin_block": 1
  },
  "creeper_banner_pattern": {
    "paper": 1,
    "creeper_head": 1
  },
  "crimson_button": {
    "crimson_planks": 1
  },
  "crimson_door": {
    "crimson_planks": 6
  },
  "crimson_fence": {
    "stick": 2,
    "crimson_planks": 4
  },
  "crimson_fence_gate": {
    "stick": 4,
    "crimson_planks": 2
  },
  "crimson_hanging_sign": {
    "stripped_crimson_stem": 6,
    "iron_chain": 2
  },
  "crimson_hyphae": {
    "crimson_stem": 4
  },
  "crimson_planks": {
    "crimson_stems": 1
  },
  "crimson_pressure_plate": {
    "crimson_planks": 2
  },
  "crimson_shelf": {
    "stripped_crimson_stem": 6
  },
  "crimson_sign": {
    "crimson_planks": 6,
    "stick": 1
  },
  "crimson_slab": {
    "crimson_planks": 3
  },
  "crimson_stairs": {
    "crimson_planks": 6
  },
  "crimson_trapdoor": {
    "crimson_planks": 6
  },
  "crossbow": {
    "stick": 3,
    "tripwire_hook": 1,
    "iron_ingot": 1,
    "string": 2
  },
  "cut_copper": {
    "copper_block": 4
  },
  "cut_copper_slab": {
    "cut_copper": 3
  },
  "cut_copper_stairs": {
    "cut_copper": 6
  },
  "cut_red_sandstone": {
    "red_sandstone": 4
  },
  "cut_red_sandstone_slab": {
    "cut_red_sandstone": 3
  },
  "cut_sandstone": {
    "sandstone": 4
  },
  "cut_sandstone_slab": {
    "cut_sandstone": 3
  },
  "cyan_banner": {
    "cyan_wool": 6,
    "stick": 1
  },
  "cyan_bed": {
    "cyan_wool": 3,
    "planks": 3
  },
  "cyan_bundle": {},
  "cyan_candle": {
    "candle": 1,
    "cyan_dye": 1
  },
  "cyan_carpet": {
    "cyan_wool": 2
  },
  "cyan_concrete_powder": {
    "cyan_dye": 1,
    "sand": 4,
    "gravel": 4
  },
  "cyan_dye": {
    "blue_dye": 1,
    "green_dye": 1
  },
  "cyan_glazed_terracotta": {
    "cyan_terracotta": 1
  },
  "cyan_harness": {
    "cyan_wool": 1,
    "glass": 2,
    "leather": 3
  },
  "cyan_shulker_box": {},
  "cyan_stained_glass": {
    "glass": 8,
    "cyan_dye": 1
  },
  "cyan_stained_glass_pane": {
    "cyan_stained_glass": 6
  },
  "cyan_terracotta": {
    "terracotta": 8,
    "cyan_dye": 1
  },
  "dark_oak_boat": {
    "dark_oak_planks": 5
  },
  "dark_oak_button": {
    "dark_oak_planks": 1
  },
  "dark_oak_chest_boat": {
    "chest": 1,
    "dark_oak_boat": 1
  },
  "dark_oak_door": {
    "dark_oak_planks": 6
  },
  "dark_oak_fence": {
    "stick": 2,
    "dark_oak_planks": 4
  },
  "dark_oak_fence_gate": {
    "stick": 4,
    "dark_oak_planks": 2
  },
  "dark_oak_hanging_sign": {
    "stripped_dark_oak_log": 6,
    "iron_chain": 2
  },
  "dark_oak_planks": {
    "dark_oak_logs": 1
  },
  "dark_oak_pressure_plate": {
    "dark_oak_planks": 2
  },
  "dark_oak_shelf": {
    "stripped_dark_oak_log": 6
  },
  "dark_oak_sign": {
    "dark_oak_planks": 6,
    "stick": 1
  },
  "dark_oak_slab": {
    "dark_oak_planks": 3
  },
  "dark_oak_stairs": {
    "dark_oak_planks": 6
  },
  "dark_oak_trapdoor": {
    "dark_oak_planks": 6
  },
  "dark_oak_wood": {
    "dark_oak_log": 4
  },
  "dark_prismarine": {
    "black_dye": 1,
    "prismarine_shard": 8
  },
  "dark_prismarine_slab": {
    "dark_prismarine": 3
  },
  "dark_prismarine_stairs": {
    "dark_prismarine": 6
  },
  "daylight_detector": {
    "glass": 3,
    "quartz": 3,
    "wooden_slabs": 3
  },
  "decorated_pot": {
    "brick": 4
  },
  "deepslate": {
    "cobbled_deepslate": 1
  },
  "deepslate_brick_slab": {
    "deepslate_bricks": 3
  },
  "deepslate_brick_stairs": {
    "deepslate_bricks": 6
  },
  "deepslate_brick_wall": {
    "deepslate_bricks": 6
  },
  "deepslate_bricks": {
    "polished_deepslate": 4
  },
  "deepslate_tile_slab": {
    "deepslate_tiles": 3
  },
  "deepslate_tile_stairs": {
    "deepslate_tiles": 6
  },
  "deepslate_tile_wall": {
    "deepslate_tiles": 6
  },
  "deepslate_tiles": {
    "deepslate_bricks": 4
  },
  "detector_rail": {
    "stone_pressure_plate": 1,
    "redstone": 1,
    "iron_ingot": 6
  },
  "diamond": {},
  "diamond_axe": {
    "stick": 2,
    "diamond_tool_materials": 3
  },
  "diamond_block": {
    "diamond": 9
  },
  "diamond_boots": {
    "diamond": 4
  },
  "diamond_chestplate": {
    "diamond": 8
  },
  "diamond_helmet": {
    "diamond": 5
  },
  "diamond_hoe": {
    "stick": 2,
    "diamond_tool_materials": 2
  },
  "diamond_leggings": {
    "diamond": 7
  },
  "diamond_pickaxe": {
    "stick": 2,
    "diamond_tool_materials": 3
  },
  "diamond_shovel": {
    "stick": 2,
    "diamond_tool_materials": 1
  },
  "diamond_sword": {
    "stick": 1,
    "diamond_tool_materials": 2
  },
  "diorite": {
    "cobblestone": 2,
    "quartz": 2
  },
  "diorite_slab": {
    "diorite": 3
  },
  "diorite_stairs": {
    "diorite": 6
  },
  "diorite_wall": {
    "diorite": 6
  },
  "dispenser": {
    "cobblestone": 7,
    "redstone": 1,
    "bow": 1
  },
  "dried_ghast": {
    "ghast_tear": 8,
    "soul_sand": 1
  },
  "dried_kelp": {
    "dried_kelp_block": 1
  },
  "dried_kelp_block": {
    "dried_kelp": 9
  },
  "dripstone_block": {
    "pointed_dripstone": 4
  },
  "dropper": {
    "cobblestone": 7,
    "redstone": 1
  },
  "dune_armor_trim_smithing_template": {
    "diamond": 7,
    "sandstone": 1
  },
  "black_wool": {
    "black_dye": 1
  },
  "blue_wool": {
    "blue_dye": 1
  },
  "brown_wool": {
    "brown_dye": 1
  },
  "cyan_wool": {
    "cyan_dye": 1
  },
  "gray_bed": {
    "gray_dye": 1
  },
  "gray_carpet": {
    "gray_dye": 1
  },
  "gray_harness": {
    "gray_dye": 1
  },
  "gray_wool": {
    "gray_dye": 1
  },
  "green_bed": {
    "green_dye": 1
  },
  "green_carpet": {
    "green_dye": 1
  },
  "green_harness": {
    "green_dye": 1
  },
  "green_wool": {
    "green_dye": 1
  },
  "light_blue_bed": {
    "light_blue_dye": 1
  },
  "light_blue_carpet": {
    "light_blue_dye": 1
  },
  "light_blue_harness": {
    "light_blue_dye": 1
  },
  "light_blue_wool": {
    "light_blue_dye": 1
  },
  "light_gray_bed": {
    "light_gray_dye": 1
  },
  "light_gray_carpet": {
    "light_gray_dye": 1
  },
  "light_gray_harness": {
    "light_gray_dye": 1
  },
  "light_gray_wool": {
    "light_gray_dye": 1
  },
  "lime_bed": {
    "lime_dye": 1
  },
  "lime_carpet": {
    "lime_dye": 1
  },
  "lime_harness": {
    "lime_dye": 1
  },
  "lime_wool": {
    "lime_dye": 1
  },
  "magenta_bed": {
    "magenta_dye": 1
  },
  "magenta_carpet": {
    "magenta_dye": 1
  },
  "magenta_harness": {
    "magenta_dye": 1
  },
  "magenta_wool": {
    "magenta_dye": 1
  },
  "orange_bed": {
    "orange_dye": 1
  },
  "orange_carpet": {
    "orange_dye": 1
  },
  "orange_harness": {
    "orange_dye": 1
  },
  "orange_wool": {
    "orange_dye": 1
  },
  "pink_bed": {
    "pink_dye": 1
  },
  "pink_carpet": {
    "pink_dye": 1
  },
  "pink_harness": {
    "pink_dye": 1
  },
  "pink_wool": {
    "pink_dye": 1
  },
  "purple_bed": {
    "purple_dye": 1
  },
  "purple_carpet": {
    "purple_dye": 1
  },
  "purple_harness": {
    "purple_dye": 1
  },
  "purple_wool": {
    "purple_dye": 1
  },
  "red_bed": {
    "red_dye": 1
  },
  "red_carpet": {
    "red_dye": 1
  },
  "red_harness": {
    "red_dye": 1
  },
  "red_wool": {
    "red_dye": 1
  },
  "white_bed": {
    "white_dye": 1
  },
  "white_carpet": {
    "white_dye": 1
  },
  "white_harness": {
    "white_dye": 1
  },
  "white_wool": {
    "white_dye": 1
  },
  "yellow_bed": {
    "yellow_dye": 1
  },
  "yellow_carpet": {
    "yellow_dye": 1
  },
  "yellow_harness": {
    "yellow_dye": 1
  },
  "yellow_wool": {
    "yellow_dye": 1
  },
  "emerald": {},
  "emerald_block": {
    "emerald": 9
  },
  "enchanting_table": {
    "obsidian": 4,
    "book": 1,
    "diamond": 2
  },
  "end_crystal": {
    "ender_eye": 1,
    "glass": 7,
    "ghast_tear": 1
  },
  "end_rod": {
    "popped_chorus_fruit": 1,
    "blaze_rod": 1
  },
  "end_stone_brick_slab": {
    "end_stone_bricks": 3
  },
  "end_stone_brick_stairs": {
    "end_stone_bricks": 6
  },
  "end_stone_brick_wall": {
    "end_stone_bricks": 6
  },
  "end_stone_bricks": {
    "end_stone": 4
  },
  "ender_chest": {
    "obsidian": 8,
    "ender_eye": 1
  },
  "ender_eye": {
    "ender_pearl": 1,
    "blaze_powder": 1
  },
  "exposed_chiseled_copper": {
    "exposed_cut_copper_slab": 2
  },
  "exposed_copper_bulb": {
    "blaze_rod": 1,
    "exposed_copper": 3,
    "redstone": 1
  },
  "exposed_copper_grate": {
    "exposed_copper": 4
  },
  "exposed_cut_copper": {
    "exposed_copper": 4
  },
  "exposed_cut_copper_slab": {
    "exposed_cut_copper": 3
  },
  "exposed_cut_copper_stairs": {
    "exposed_cut_copper": 6
  },
  "eye_armor_trim_smithing_template": {
    "diamond": 7,
    "end_stone": 1
  },
  "fermented_spider_eye": {
    "spider_eye": 1,
    "brown_mushroom": 1,
    "sugar": 1
  },
  "field_masoned_banner_pattern": {
    "paper": 1,
    "bricks": 1
  },
  "fire_charge": {
    "gunpowder": 1,
    "blaze_powder": 1
  },
  "firework_rocket": {
    "gunpowder": 1,
    "paper": 1
  },
  "fishing_rod": {
    "stick": 3,
    "string": 2
  },
  "fletching_table": {
    "planks": 4,
    "flint": 2
  },
  "flint_and_steel": {
    "iron_ingot": 1,
    "flint": 1
  },
  "flow_armor_trim_smithing_template": {
    "diamond": 7,
    "breeze_rod": 1
  },
  "flower_banner_pattern": {
    "paper": 1,
    "oxeye_daisy": 1
  },
  "flower_pot": {
    "brick": 3
  },
  "furnace": {
    "cobblestone": 8
  },
  "furnace_minecart": {
    "furnace": 1,
    "minecart": 1
  },
  "glass": {
    "smelts_to_glass": 1
  },
  "glass_bottle": {
    "glass": 3
  },
  "glass_pane": {
    "glass": 6
  },
  "glistering_melon_slice": {
    "gold_nugget": 8,
    "melon_slice": 1
  },
  "glow_item_frame": {
    "item_frame": 1,
    "glow_ink_sac": 1
  },
  "glowstone": {
    "glowstone_dust": 4
  },
  "gold_block": {
    "gold_ingot": 9
  },
  "gold_ingot": {},
  "gold_nugget": {
    "gold_ingot": 1
  },
  "golden_apple": {
    "gold_ingot": 8,
    "apple": 1
  },
  "golden_axe": {
    "stick": 2,
    "gold_tool_materials": 3
  },
  "golden_boots": {
    "gold_ingot": 4
  },
  "golden_carrot": {
    "gold_nugget": 8,
    "carrot": 1
  },
  "golden_chestplate": {
    "gold_ingot": 8
  },
  "golden_helmet": {
    "gold_ingot": 5
  },
  "golden_hoe": {
    "stick": 2,
    "gold_tool_materials": 2
  },
  "golden_leggings": {
    "gold_ingot": 7
  },
  "golden_pickaxe": {
    "stick": 2,
    "gold_tool_materials": 3
  },
  "golden_shovel": {
    "stick": 2,
    "gold_tool_materials": 1
  },
  "golden_sword": {
    "stick": 1,
    "gold_tool_materials": 2
  },
  "granite": {
    "diorite": 1,
    "quartz": 1
  },
  "granite_slab": {
    "granite": 3
  },
  "granite_stairs": {
    "granite": 6
  },
  "granite_wall": {
    "granite": 6
  },
  "gray_banner": {
    "gray_wool": 6,
    "stick": 1
  },
  "gray_bundle": {},
  "gray_candle": {
    "candle": 1,
    "gray_dye": 1
  },
  "gray_concrete_powder": {
    "gray_dye": 1,
    "sand": 4,
    "gravel": 4
  },
  "gray_dye": {
    "black_dye": 1,
    "white_dye": 1
  },
  "gray_glazed_terracotta": {
    "gray_terracotta": 1
  },
  "gray_shulker_box": {},
  "gray_stained_glass": {
    "glass": 8,
    "gray_dye": 1
  },
  "gray_stained_glass_pane": {
    "gray_stained_glass": 6
  },
  "gray_terracotta": {
    "terracotta": 8,
    "gray_dye": 1
  },
  "green_banner": {
    "green_wool": 6,
    "stick": 1
  },
  "green_bundle": {},
  "green_candle": {
    "candle": 1,
    "green_dye": 1
  },
  "green_concrete_powder": {
    "green_dye": 1,
    "sand": 4,
    "gravel": 4
  },
  "green_dye": {
    "cactus": 1
  },
  "green_glazed_terracotta": {
    "green_terracotta": 1
  },
  "green_shulker_box": {},
  "green_stained_glass": {
    "glass": 8,
    "green_dye": 1
  },
  "green_stained_glass_pane": {
    "green_stained_glass": 6
  },
  "green_terracotta": {
    "terracotta": 8,
    "green_dye": 1
  },
  "grindstone": {
    "planks": 2,
    "stone_slab": 1,
    "stick": 2
  },
  "hay_block": {
    "wheat": 9
  },
  "heavy_weighted_pressure_plate": {
    "iron_ingot": 2
  },
  "honey_block": {
    "honey_bottle": 4
  },
  "honey_bottle": {
    "glass_bottle": 1
  },
  "honeycomb_block": {
    "honeycomb": 4
  },
  "hopper": {
    "chest": 1,
    "iron_ingot": 5
  },
  "hopper_minecart": {
    "hopper": 1,
    "minecart": 1
  },
  "host_armor_trim_smithing_template": {
    "diamond": 7,
    "terracotta": 1,
    "host_armor_trim_smithing_template": 1
  },
  "iron_axe": {
    "stick": 2,
    "iron_tool_materials": 3
  },
  "iron_bars": {
    "iron_ingot": 6
  },
  "iron_block": {
    "iron_ingot": 9
  },
  "iron_boots": {
    "iron_ingot": 4
  },
  "iron_chain": {
    "iron_ingot": 2
  },
  "iron_chestplate": {
    "iron_ingot": 8
  },
  "iron_door": {
    "iron_ingot": 6
  },
  "iron_helmet": {
    "iron_ingot": 5
  },
  "iron_hoe": {
    "stick": 2,
    "iron_tool_materials": 2
  },
  "iron_ingot": {},
  "iron_leggings": {
    "iron_ingot": 7
  },
  "iron_nugget": {},
  "iron_pickaxe": {
    "stick": 2,
    "iron_tool_materials": 3
  },
  "iron_shovel": {
    "stick": 2,
    "iron_tool_materials": 1
  },
  "iron_sword": {
    "stick": 1,
    "iron_tool_materials": 2
  },
  "iron_trapdoor": {
    "iron_ingot": 4
  },
  "item_frame": {
    "stick": 8,
    "leather": 1
  },
  "jack_o_lantern": {
    "carved_pumpkin": 1,
    "torch": 1
  },
  "jukebox": {
    "planks": 8,
    "diamond": 1
  },
  "jungle_boat": {
    "jungle_planks": 5
  },
  "jungle_button": {
    "jungle_planks": 1
  },
  "jungle_chest_boat": {
    "chest": 1,
    "jungle_boat": 1
  },
  "jungle_door": {
    "jungle_planks": 6
  },
  "jungle_fence": {
    "stick": 2,
    "jungle_planks": 4
  },
  "jungle_fence_gate": {
    "stick": 4,
    "jungle_planks": 2
  },
  "jungle_hanging_sign": {
    "stripped_jungle_log": 6,
    "iron_chain": 2
  },
  "jungle_planks": {
    "jungle_logs": 1
  },
  "jungle_pressure_plate": {
    "jungle_planks": 2
  },
  "jungle_shelf": {
    "stripped_jungle_log": 6
  },
  "jungle_sign": {
    "jungle_planks": 6,
    "stick": 1
  },
  "jungle_slab": {
    "jungle_planks": 3
  },
  "jungle_stairs": {
    "jungle_planks": 6
  },
  "jungle_trapdoor": {
    "jungle_planks": 6
  },
  "jungle_wood": {
    "jungle_log": 4
  },
  "ladder": {
    "stick": 7
  },
  "lantern": {
    "torch": 1,
    "iron_nugget": 8
  },
  "lapis_block": {
    "lapis_lazuli": 9
  },
  "lapis_lazuli": {},
  "lead": {
    "string": 5
  },
  "leaf_litter": {
    "leaves": 1
  },
  "leather": {
    "rabbit_hide": 4
  },
  "leather_boots": {
    "leather": 4
  },
  "leather_chestplate": {
    "leather": 8
  },
  "leather_helmet": {
    "leather": 5
  },
  "leather_horse_armor": {
    "leather": 7
  },
  "leather_leggings": {
    "leather": 7
  },
  "lectern": {
    "bookshelf": 1,
    "wooden_slabs": 4
  },
  "lever": {
    "cobblestone": 1,
    "stick": 1
  },
  "light_blue_banner": {
    "light_blue_wool": 6,
    "stick": 1
  },
  "light_blue_bundle": {},
  "light_blue_candle": {
    "candle": 1,
    "light_blue_dye": 1
  },
  "light_blue_concrete_powder": {
    "light_blue_dye": 1,
    "sand": 4,
    "gravel": 4
  },
  "light_blue_dye": {
    "blue_orchid": 1
  },
  "light_blue_glazed_terracotta": {
    "light_blue_terracotta": 1
  },
  "light_blue_shulker_box": {},
  "light_blue_stained_glass": {
    "glass": 8,
    "light_blue_dye": 1
  },
  "light_blue_stained_glass_pane": {
    "light_blue_stained_glass": 6
  },
  "light_blue_terracotta": {
    "terracotta": 8,
    "light_blue_dye": 1
  },
  "light_gray_banner": {
    "light_gray_wool": 6,
    "stick": 1
  },
  "light_gray_bundle": {},
  "light_gray_candle": {
    "candle": 1,
    "light_gray_dye": 1
  },
  "light_gray_concrete_powder": {
    "light_gray_dye": 1,
    "sand": 4,
    "gravel": 4
  },
  "light_gray_dye": {
    "azure_bluet": 1
  },
  "light_gray_glazed_terracotta": {
    "light_gray_terracotta": 1
  },
  "light_gray_shulker_box": {},
  "light_gray_stained_glass": {
    "glass": 8,
    "light_gray_dye": 1
  },
  "light_gray_stained_glass_pane": {
    "light_gray_stained_glass": 6
  },
  "light_gray_terracotta": {
    "terracotta": 8,
    "light_gray_dye": 1
  },
  "light_weighted_pressure_plate": {
    "gold_ingot": 2
  },
  "lightning_rod": {
    "copper_ingot": 3
  },
  "lime_banner": {
    "lime_wool": 6,
    "stick": 1
  },
  "lime_bundle": {},
  "lime_candle": {
    "candle": 1,
    "lime_dye": 1
  },
  "lime_concrete_powder": {
    "lime_dye": 1,
    "sand": 4,
    "gravel": 4
  },
  "lime_dye": {
    "green_dye": 1,
    "white_dye": 1
  },
  "lime_glazed_terracotta": {
    "lime_terracotta": 1
  },
  "lime_shulker_box": {},
  "lime_stained_glass": {
    "glass": 8,
    "lime_dye": 1
  },
  "lime_stained_glass_pane": {
    "lime_stained_glass": 6
  },
  "lime_terracotta": {
    "terracotta": 8,
    "lime_dye": 1
  },
  "lodestone": {
    "iron_ingot": 1,
    "chiseled_stone_bricks": 8
  },
  "loom": {
    "planks": 2,
    "string": 2
  },
  "mace": {
    "heavy_core": 1,
    "breeze_rod": 1
  },
  "magenta_banner": {
    "magenta_wool": 6,
    "stick": 1
  },
  "magenta_bundle": {},
  "magenta_candle": {
    "candle": 1,
    "magenta_dye": 1
  },
  "magenta_concrete_powder": {
    "magenta_dye": 1,
    "sand": 4,
    "gravel": 4
  },
  "magenta_dye": {
    "allium": 1
  },
  "magenta_glazed_terracotta": {
    "magenta_terracotta": 1
  },
  "magenta_shulker_box": {},
  "magenta_stained_glass": {
    "glass": 8,
    "magenta_dye": 1
  },
  "magenta_stained_glass_pane": {
    "magenta_stained_glass": 6
  },
  "magenta_terracotta": {
    "terracotta": 8,
    "magenta_dye": 1
  },
  "magma_block": {
    "magma_cream": 4
  },
  "magma_cream": {
    "blaze_powder": 1,
    "slime_ball": 1
  },
  "mangrove_boat": {
    "mangrove_planks": 5
  },
  "mangrove_button": {
    "mangrove_planks": 1
  },
  "mangrove_chest_boat": {
    "chest": 1,
    "mangrove_boat": 1
  },
  "mangrove_door": {
    "mangrove_planks": 6
  },
  "mangrove_fence": {
    "stick": 2,
    "mangrove_planks": 4
  },
  "mangrove_fence_gate": {
    "stick": 4,
    "mangrove_planks": 2
  },
  "mangrove_hanging_sign": {
    "stripped_mangrove_log": 6,
    "iron_chain": 2
  },
  "mangrove_planks": {
    "mangrove_logs": 1
  },
  "mangrove_pressure_plate": {
    "mangrove_planks": 2
  },
  "mangrove_shelf": {
    "stripped_mangrove_log": 6
  },
  "mangrove_sign": {
    "mangrove_planks": 6,
    "stick": 1
  },
  "mangrove_slab": {
    "mangrove_planks": 3
  },
  "mangrove_stairs": {
    "mangrove_planks": 6
  },
  "mangrove_trapdoor": {
    "mangrove_planks": 6
  },
  "mangrove_wood": {
    "mangrove_log": 4
  },
  "map": {
    "paper": 8,
    "compass": 1
  },
  "melon": {
    "melon_slice": 9
  },
  "melon_seeds": {
    "melon_slice": 1
  },
  "minecart": {
    "iron_ingot": 5
  },
  "mojang_banner_pattern": {
    "paper": 1,
    "enchanted_golden_apple": 1
  },
  "moss_carpet": {
    "moss_block": 2
  },
  "mossy_cobblestone": {
    "cobblestone": 1,
    "moss_block": 1
  },
  "mossy_cobblestone_slab": {
    "mossy_cobblestone": 3
  },
  "mossy_cobblestone_stairs": {
    "mossy_cobblestone": 6
  },
  "mossy_cobblestone_wall": {
    "mossy_cobblestone": 6
  },
  "mossy_stone_brick_slab": {
    "mossy_stone_bricks": 3
  },
  "mossy_stone_brick_stairs": {
    "mossy_stone_bricks": 6
  },
  "mossy_stone_brick_wall": {
    "mossy_stone_bricks": 6
  },
  "mossy_stone_bricks": {
    "stone_bricks": 1,
    "moss_block": 1
  },
  "mud_brick_slab": {
    "mud_bricks": 3
  },
  "mud_brick_stairs": {
    "mud_bricks": 6
  },
  "mud_brick_wall": {
    "mud_bricks": 6
  },
  "mud_bricks": {
    "packed_mud": 4
  },
  "muddy_mangrove_roots": {
    "mud": 1,
    "mangrove_roots": 1
  },
  "mushroom_stew": {
    "brown_mushroom": 1,
    "red_mushroom": 1,
    "bowl": 1
  },
  "music_disc_5": {
    "disc_fragment_5": 9
  },
  "nether_brick": {
    "netherrack": 1
  },
  "nether_brick_fence": {
    "nether_brick": 2,
    "nether_bricks": 4
  },
  "nether_brick_slab": {
    "nether_bricks": 3
  },
  "nether_brick_stairs": {
    "nether_bricks": 6
  },
  "nether_brick_wall": {
    "nether_bricks": 6
  },
  "nether_bricks": {
    "nether_brick": 4
  },
  "nether_wart_block": {
    "nether_wart": 9
  },
  "netherite_axe": {},
  "netherite_block": {
    "netherite_ingot": 9
  },
  "netherite_boots": {},
  "netherite_chestplate": {},
  "netherite_helmet": {},
  "netherite_hoe": {},
  "netherite_ingot": {
    "netherite_scrap": 4,
    "gold_ingot": 4
  },
  "netherite_leggings": {},
  "netherite_pickaxe": {},
  "netherite_scrap": {
    "ancient_debris": 1
  },
  "netherite_shovel": {},
  "netherite_sword": {},
  "netherite_upgrade_smithing_template": {
    "diamond": 7,
    "netherrack": 1,
    "netherite_upgrade_smithing_template": 1
  },
  "note_block": {
    "planks": 8,
    "redstone": 1
  },
  "oak_boat": {
    "oak_planks": 5
  },
  "oak_button": {
    "oak_planks": 1
  },
  "oak_chest_boat": {
    "chest": 1,
    "oak_boat": 1
  },
  "oak_door": {
    "oak_planks": 6
  },
  "oak_fence": {
    "stick": 2,
    "oak_planks": 4
  },
  "oak_fence_gate": {
    "stick": 4,
    "oak_planks": 2
  },
  "oak_hanging_sign": {
    "stripped_oak_log": 6,
    "iron_chain": 2
  },
  "oak_planks": {
    "oak_logs": 1
  },
  "oak_pressure_plate": {
    "oak_planks": 2
  },
  "oak_shelf": {
    "stripped_oak_log": 6
  },
  "oak_sign": {
    "oak_planks": 6,
    "stick": 1
  },
  "oak_slab": {
    "oak_planks": 3
  },
  "oak_stairs": {
    "oak_planks": 6
  },
  "oak_trapdoor": {
    "oak_planks": 6
  },
  "oak_wood": {
    "oak_log": 4
  },
  "observer": {
    "cobblestone": 6,
    "quartz": 1,
    "redstone": 2
  },
  "orange_banner": {
    "orange_wool": 6,
    "stick": 1
  },
  "orange_bundle": {},
  "orange_candle": {
    "candle": 1,
    "orange_dye": 1
  },
  "orange_concrete_powder": {
    "orange_dye": 1,
    "sand": 4,
    "gravel": 4
  },
  "orange_dye": {
    "open_eyeblossom": 1
  },
  "orange_glazed_terracotta": {
    "orange_terracotta": 1
  },
  "orange_shulker_box": {},
  "orange_stained_glass": {
    "glass": 8,
    "orange_dye": 1
  },
  "orange_stained_glass_pane": {
    "orange_stained_glass": 6
  },
  "orange_terracotta": {
    "terracotta": 8,
    "orange_dye": 1
  },
  "oxidized_chiseled_copper": {
    "oxidized_cut_copper_slab": 2
  },
  "oxidized_copper_bulb": {
    "blaze_rod": 1,
    "oxidized_copper": 3,
    "redstone": 1
  },
  "oxidized_copper_grate": {
    "oxidized_copper": 4
  },
  "oxidized_cut_copper": {
    "oxidized_copper": 4
  },
  "oxidized_cut_copper_slab": {
    "oxidized_cut_copper": 3
  },
  "oxidized_cut_copper_stairs": {
    "oxidized_cut_copper": 6
  },
  "packed_ice": {
    "ice": 9
  },
  "packed_mud": {
    "mud": 1,
    "wheat": 1
  },
  "painting": {
    "stick": 8,
    "wool": 1
  },
  "pale_moss_carpet": {
    "pale_moss_block": 2
  },
  "pale_oak_boat": {
    "pale_oak_planks": 5
  },
  "pale_oak_button": {
    "pale_oak_planks": 1
  },
  "pale_oak_chest_boat": {
    "chest": 1,
    "pale_oak_boat": 1
  },
  "pale_oak_door": {
    "pale_oak_planks": 6
  },
  "pale_oak_fence": {
    "stick": 2,
    "pale_oak_planks": 4
  },
  "pale_oak_fence_gate": {
    "stick": 4,
    "pale_oak_planks": 2
  },
  "pale_oak_hanging_sign": {
    "stripped_pale_oak_log": 6,
    "iron_chain": 2
  },
  "pale_oak_planks": {
    "pale_oak_logs": 1
  },
  "pale_oak_pressure_plate": {
    "pale_oak_planks": 2
  },
  "pale_oak_shelf": {
    "stripped_pale_oak_log": 6
  },
  "pale_oak_sign": {
    "pale_oak_planks": 6,
    "stick": 1
  },
  "pale_oak_slab": {
    "pale_oak_planks": 3
  },
  "pale_oak_stairs": {
    "pale_oak_planks": 6
  },
  "pale_oak_trapdoor": {
    "pale_oak_planks": 6
  },
  "pale_oak_wood": {
    "pale_oak_log": 4
  },
  "paper": {
    "sugar_cane": 3
  },
  "pink_banner": {
    "pink_wool": 6,
    "stick": 1
  },
  "pink_bundle": {},
  "pink_candle": {
    "candle": 1,
    "pink_dye": 1
  },
  "pink_concrete_powder": {
    "pink_dye": 1,
    "sand": 4,
    "gravel": 4
  },
  "pink_dye": {
    "cactus_flower": 1
  },
  "pink_glazed_terracotta": {
    "pink_terracotta": 1
  },
  "pink_shulker_box": {},
  "pink_stained_glass": {
    "glass": 8,
    "pink_dye": 1
  },
  "pink_stained_glass_pane": {
    "pink_stained_glass": 6
  },
  "pink_terracotta": {
    "terracotta": 8,
    "pink_dye": 1
  },
  "piston": {
    "cobblestone": 4,
    "redstone": 1,
    "planks": 3,
    "iron_ingot": 1
  },
  "polished_andesite": {
    "andesite": 4
  },
  "polished_andesite_slab": {
    "polished_andesite": 3
  },
  "polished_andesite_stairs": {
    "polished_andesite": 6
  },
  "polished_basalt": {
    "basalt": 4
  },
  "polished_blackstone": {
    "blackstone": 4
  },
  "polished_blackstone_brick_slab": {
    "polished_blackstone_bricks": 3
  },
  "polished_blackstone_brick_stairs": {
    "polished_blackstone_bricks": 6
  },
  "polished_blackstone_brick_wall": {
    "polished_blackstone_bricks": 6
  },
  "polished_blackstone_bricks": {
    "polished_blackstone": 4
  },
  "polished_blackstone_button": {
    "polished_blackstone": 1
  },
  "polished_blackstone_pressure_plate": {
    "polished_blackstone": 2
  },
  "polished_blackstone_slab": {
    "polished_blackstone": 3
  },
  "polished_blackstone_stairs": {
    "polished_blackstone": 6
  },
  "polished_blackstone_wall": {
    "polished_blackstone": 6
  },
  "polished_deepslate": {
    "cobbled_deepslate": 4
  },
  "polished_deepslate_slab": {
    "polished_deepslate": 3
  },
  "polished_deepslate_stairs": {
    "polished_deepslate": 6
  },
  "polished_deepslate_wall": {
    "polished_deepslate": 6
  },
  "polished_diorite": {
    "diorite": 4
  },
  "polished_diorite_slab": {
    "polished_diorite": 3
  },
  "polished_diorite_stairs": {
    "polished_diorite": 6
  },
  "polished_granite": {
    "granite": 4
  },
  "polished_granite_slab": {
    "polished_granite": 3
  },
  "polished_granite_stairs": {
    "polished_granite": 6
  },
  "polished_tuff": {
    "tuff": 4
  },
  "polished_tuff_slab": {
    "polished_tuff": 3
  },
  "polished_tuff_stairs": {
    "polished_tuff": 6
  },
  "polished_tuff_wall": {
    "polished_tuff": 6
  },
  "popped_chorus_fruit": {
    "chorus_fruit": 1
  },
  "powered_rail": {
    "stick": 1,
    "redstone": 1,
    "gold_ingot": 6
  },
  "prismarine": {
    "prismarine_shard": 4
  },
  "prismarine_brick_slab": {
    "prismarine_bricks": 3
  },
  "prismarine_brick_stairs": {
    "prismarine_bricks": 6
  },
  "prismarine_bricks": {
    "prismarine_shard": 9
  },
  "prismarine_slab": {
    "prismarine": 3
  },
  "prismarine_stairs": {
    "prismarine": 6
  },
  "prismarine_wall": {
    "prismarine": 6
  },
  "pumpkin_pie": {
    "pumpkin": 1,
    "sugar": 1,
    "eggs": 1
  },
  "pumpkin_seeds": {
    "pumpkin": 1
  },
  "purple_banner": {
    "purple_wool": 6,
    "stick": 1
  },
  "purple_bundle": {},
  "purple_candle": {
    "candle": 1,
    "purple_dye": 1
  },
  "purple_concrete_powder": {
    "purple_dye": 1,
    "sand": 4,
    "gravel": 4
  },
  "purple_dye": {
    "blue_dye": 1,
    "red_dye": 1
  },
  "purple_glazed_terracotta": {
    "purple_terracotta": 1
  },
  "purple_shulker_box": {},
  "purple_stained_glass": {
    "glass": 8,
    "purple_dye": 1
  },
  "purple_stained_glass_pane": {
    "purple_stained_glass": 6
  },
  "purple_terracotta": {
    "terracotta": 8,
    "purple_dye": 1
  },
  "purpur_block": {
    "popped_chorus_fruit": 4
  },
  "purpur_pillar": {
    "purpur_slab": 2
  },
  "purpur_slab": {},
  "purpur_stairs": {},
  "quartz": {},
  "quartz_block": {
    "quartz": 4
  },
  "quartz_bricks": {
    "quartz_block": 4
  },
  "quartz_pillar": {
    "quartz_block": 2
  },
  "quartz_slab": {},
  "quartz_stairs": {},
  "rabbit_stew": {
    "baked_potato": 1,
    "cooked_rabbit": 1,
    "bowl": 1,
    "carrot": 1,
    "brown_mushroom": 1
  },
  "rail": {
    "stick": 1,
    "iron_ingot": 6
  },
  "raiser_armor_trim_smithing_template": {
    "diamond": 7,
    "terracotta": 1
  },
  "raw_copper": {},
  "raw_copper_block": {
    "raw_copper": 9
  },
  "raw_gold": {},
  "raw_gold_block": {
    "raw_gold": 9
  },
  "raw_iron": {},
  "raw_iron_block": {
    "raw_iron": 9
  },
  "recovery_compass": {
    "compass": 1,
    "echo_shard": 8
  },
  "red_banner": {
    "red_wool": 6,
    "stick": 1
  },
  "red_bundle": {},
  "red_candle": {
    "candle": 1,
    "red_dye": 1
  },
  "red_concrete_powder": {
    "red_dye": 1,
    "sand": 4,
    "gravel": 4
  },
  "red_dye": {
    "beetroot": 1
  },
  "red_glazed_terracotta": {
    "red_terracotta": 1
  },
  "red_nether_brick_slab": {
    "red_nether_bricks": 3
  },
  "red_nether_brick_stairs": {
    "red_nether_bricks": 6
  },
  "red_nether_brick_wall": {
    "red_nether_bricks": 6
  },
  "red_nether_bricks": {
    "nether_brick": 2,
    "nether_wart": 2
  },
  "red_sandstone": {
    "red_sand": 4
  },
  "red_sandstone_slab": {},
  "red_sandstone_stairs": {},
  "red_sandstone_wall": {
    "red_sandstone": 6
  },
  "red_shulker_box": {},
  "red_stained_glass": {
    "glass": 8,
    "red_dye": 1
  },
  "red_stained_glass_pane": {
    "red_stained_glass": 6
  },
  "red_terracotta": {
    "terracotta": 8,
    "red_dye": 1
  },
  "redstone": {},
  "redstone_block": {
    "redstone": 9
  },
  "redstone_lamp": {
    "glowstone": 1,
    "redstone": 4
  },
  "redstone_torch": {
    "stick": 1,
    "redstone": 1
  },
  "repeater": {
    "redstone_torch": 2,
    "stone": 3,
    "redstone": 1
  },
  "resin_block": {
    "resin_clump": 9
  },
  "resin_brick": {
    "resin_clump": 1
  },
  "resin_brick_slab": {
    "resin_bricks": 3
  },
  "resin_brick_stairs": {
    "resin_bricks": 6
  },
  "resin_brick_wall": {
    "resin_bricks": 6
  },
  "resin_bricks": {
    "resin_brick": 4
  },
  "resin_clump": {},
  "respawn_anchor": {
    "glowstone": 3,
    "crying_obsidian": 6
  },
  "rib_armor_trim_smithing_template": {
    "diamond": 7,
    "netherrack": 1
  },
  "saddle": {
    "iron_ingot": 1,
    "leather": 3
  },
  "sandstone": {
    "sand": 4
  },
  "sandstone_slab": {},
  "sandstone_stairs": {},
  "sandstone_wall": {
    "sandstone": 6
  },
  "scaffolding": {
    "bamboo": 6,
    "string": 1
  },
  "sea_lantern": {
    "prismarine_crystals": 5,
    "prismarine_shard": 4
  },
  "sentry_armor_trim_smithing_template": {
    "diamond": 7,
    "cobblestone": 1
  },
  "shaper_armor_trim_smithing_template": {
    "diamond": 7,
    "terracotta": 1
  },
  "shears": {
    "iron_ingot": 2
  },
  "shield": {
    "wooden_tool_materials": 6,
    "iron_ingot": 1
  },
  "shulker_box": {
    "chest": 1,
    "shulker_shell": 2
  },
  "silence_armor_trim_smithing_template": {
    "diamond": 7,
    "cobbled_deepslate": 1
  },
  "skull_banner_pattern": {
    "paper": 1,
    "wither_skeleton_skull": 1
  },
  "slime_block": {
    "slime_ball": 9
  },
  "smithing_table": {
    "planks": 4,
    "iron_ingot": 2
  },
  "smoker": {
    "logs": 4,
    "furnace": 1
  },
  "smooth_basalt": {
    "basalt": 1
  },
  "smooth_quartz": {
    "quartz_block": 1
  },
  "smooth_quartz_slab": {
    "smooth_quartz": 3
  },
  "smooth_quartz_stairs": {
    "smooth_quartz": 6
  },
  "smooth_red_sandstone": {
    "red_sandstone": 1
  },
  "smooth_red_sandstone_slab": {
    "smooth_red_sandstone": 3
  },
  "smooth_red_sandstone_stairs": {
    "smooth_red_sandstone": 6
  },
  "smooth_sandstone": {
    "sandstone": 1
  },
  "smooth_sandstone_slab": {
    "smooth_sandstone": 3
  },
  "smooth_sandstone_stairs": {
    "smooth_sandstone": 6
  },
  "smooth_stone": {
    "stone": 1
  },
  "smooth_stone_slab": {
    "smooth_stone": 3
  },
  "snout_armor_trim_smithing_template": {
    "diamond": 7,
    "blackstone": 1
  },
  "snow": {
    "snowball": 1
  },
  "snow_block": {
    "snowball": 4
  },
  "soul_campfire": {
    "soul_fire_base_blocks": 1,
    "logs": 3,
    "stick": 3
  },
  "soul_lantern": {
    "soul_torch": 1,
    "iron_nugget": 8
  },
  "soul_torch": {
    "stick": 1,
    "soul_fire_base_blocks": 1
  },
  "spectral_arrow": {
    "glowstone_dust": 4,
    "arrow": 1
  },
  "spire_armor_trim_smithing_template": {
    "diamond": 7,
    "purpur_block": 1
  },
  "sponge": {
    "wet_sponge": 1
  },
  "spruce_boat": {
    "spruce_planks": 5
  },
  "spruce_button": {
    "spruce_planks": 1
  },
  "spruce_chest_boat": {
    "chest": 1,
    "spruce_boat": 1
  },
  "spruce_door": {
    "spruce_planks": 6
  },
  "spruce_fence": {
    "stick": 2,
    "spruce_planks": 4
  },
  "spruce_fence_gate": {
    "stick": 4,
    "spruce_planks": 2
  },
  "spruce_hanging_sign": {
    "stripped_spruce_log": 6,
    "iron_chain": 2
  },
  "spruce_planks": {
    "spruce_logs": 1
  },
  "spruce_pressure_plate": {
    "spruce_planks": 2
  },
  "spruce_shelf": {
    "stripped_spruce_log": 6
  },
  "spruce_sign": {
    "spruce_planks": 6,
    "stick": 1
  },
  "spruce_slab": {
    "spruce_planks": 3
  },
  "spruce_stairs": {
    "spruce_planks": 6
  },
  "spruce_trapdoor": {
    "spruce_planks": 6
  },
  "spruce_wood": {
    "spruce_log": 4
  },
  "spyglass": {
    "amethyst_shard": 1,
    "copper_ingot": 2
  },
  "stick": {
    "planks": 2
  },
  "sticky_piston": {
    "piston": 1,
    "slime_ball": 1
  },
  "stone": {
    "cobblestone": 1
  },
  "stone_axe": {
    "stick": 2,
    "stone_tool_materials": 3
  },
  "stone_brick_slab": {
    "stone_bricks": 3
  },
  "stone_brick_stairs": {
    "stone_bricks": 6
  },
  "stone_brick_wall": {
    "stone_bricks": 6
  },
  "stone_bricks": {
    "stone": 4
  },
  "stone_button": {
    "stone": 1
  },
  "stone_hoe": {
    "stick": 2,
    "stone_tool_materials": 2
  },
  "stone_pickaxe": {
    "stick": 2,
    "stone_tool_materials": 3
  },
  "stone_pressure_plate": {
    "stone": 2
  },
  "stone_shovel": {
    "stick": 2,
    "stone_tool_materials": 1
  },
  "stone_slab": {
    "stone": 3
  },
  "stone_stairs": {
    "stone": 6
  },
  "stone_sword": {
    "stick": 1,
    "stone_tool_materials": 2
  },
  "stonecutter": {
    "stone": 3,
    "iron_ingot": 1
  },
  "stripped_acacia_wood": {
    "stripped_acacia_log": 4
  },
  "stripped_birch_wood": {
    "stripped_birch_log": 4
  },
  "stripped_cherry_wood": {
    "stripped_cherry_log": 4
  },
  "stripped_crimson_hyphae": {
    "stripped_crimson_stem": 4
  },
  "stripped_dark_oak_wood": {
    "stripped_dark_oak_log": 4
  },
  "stripped_jungle_wood": {
    "stripped_jungle_log": 4
  },
  "stripped_mangrove_wood": {
    "stripped_mangrove_log": 4
  },
  "stripped_oak_wood": {
    "stripped_oak_log": 4
  },
  "stripped_pale_oak_wood": {
    "stripped_pale_oak_log": 4
  },
  "stripped_spruce_wood": {
    "stripped_spruce_log": 4
  },
  "stripped_warped_hyphae": {
    "stripped_warped_stem": 4
  },
  "sugar": {
    "honey_bottle": 1
  },
  "suspicious_stew": {
    "bowl": 1,
    "brown_mushroom": 1,
    "red_mushroom": 1,
    "allium": 1
  },
  "target": {
    "hay_block": 1,
    "redstone": 4
  },
  "terracotta": {
    "clay": 1
  },
  "tide_armor_trim_smithing_template": {
    "diamond": 7,
    "prismarine": 1
  },
  "tinted_glass": {
    "glass": 1,
    "amethyst_shard": 4
  },
  "tnt": {
    "gunpowder": 5
  },
  "tnt_minecart": {
    "tnt": 1,
    "minecart": 1
  },
  "torch": {
    "stick": 1
  },
  "trapped_chest": {
    "chest": 1,
    "tripwire_hook": 1
  },
  "tripwire_hook": {
    "planks": 1,
    "iron_ingot": 1,
    "stick": 1
  },
  "tuff_brick_slab": {
    "tuff_bricks": 3
  },
  "tuff_brick_stairs": {
    "tuff_bricks": 6
  },
  "tuff_brick_wall": {
    "tuff_bricks": 6
  },
  "tuff_bricks": {
    "polished_tuff": 4
  },
  "tuff_slab": {
    "tuff": 3
  },
  "tuff_stairs": {
    "tuff": 6
  },
  "tuff_wall": {
    "tuff": 6
  },
  "turtle_helmet": {
    "turtle_scute": 5
  },
  "vex_armor_trim_smithing_template": {
    "diamond": 7,
    "cobblestone": 1
  },
  "ward_armor_trim_smithing_template": {
    "diamond": 7,
    "cobbled_deepslate": 1
  },
  "warped_button": {
    "warped_planks": 1
  },
  "warped_door": {
    "warped_planks": 6
  },
  "warped_fence": {
    "stick": 2,
    "warped_planks": 4
  },
  "warped_fence_gate": {
    "stick": 4,
    "warped_planks": 2
  },
  "warped_fungus_on_a_stick": {
    "fishing_rod": 1,
    "warped_fungus": 1
  },
  "warped_hanging_sign": {
    "stripped_warped_stem": 6,
    "iron_chain": 2
  },
  "warped_hyphae": {
    "warped_stem": 4
  },
  "warped_planks": {
    "warped_stems": 1
  },
  "warped_pressure_plate": {
    "warped_planks": 2
  },
  "warped_shelf": {
    "stripped_warped_stem": 6
  },
  "warped_sign": {
    "warped_planks": 6,
    "stick": 1
  },
  "warped_slab": {
    "warped_planks": 3
  },
  "warped_stairs": {
    "warped_planks": 6
  },
  "warped_trapdoor": {
    "warped_planks": 6
  },
  "waxed_chiseled_copper": {
    "waxed_cut_copper_slab": 2
  },
  "waxed_copper_bars": {
    "copper_bars": 1,
    "honeycomb": 1
  },
  "waxed_copper_block": {
    "copper_block": 1,
    "honeycomb": 1
  },
  "waxed_copper_bulb": {
    "blaze_rod": 1,
    "waxed_copper_block": 3,
    "redstone": 1
  },
  "waxed_copper_chain": {
    "copper_chain": 1,
    "honeycomb": 1
  },
  "waxed_copper_chest": {
    "copper_chest": 1,
    "honeycomb": 1
  },
  "waxed_copper_door": {
    "copper_door": 1,
    "honeycomb": 1
  },
  "waxed_copper_golem_statue": {
    "copper_golem_statue": 1,
    "honeycomb": 1
  },
  "waxed_copper_grate": {
    "waxed_copper_block": 4
  },
  "waxed_copper_lantern": {
    "copper_lantern": 1,
    "honeycomb": 1
  },
  "waxed_copper_trapdoor": {
    "copper_trapdoor": 1,
    "honeycomb": 1
  },
  "waxed_cut_copper": {
    "waxed_copper_block": 4
  },
  "waxed_cut_copper_slab": {
    "waxed_cut_copper": 3
  },
  "waxed_cut_copper_stairs": {
    "waxed_cut_copper": 6
  },
  "waxed_exposed_chiseled_copper": {
    "waxed_exposed_cut_copper_slab": 2
  },
  "waxed_exposed_copper_bars": {
    "exposed_copper_bars": 1,
    "honeycomb": 1
  },
  "waxed_exposed_copper_bulb": {
    "blaze_rod": 1,
    "waxed_exposed_copper": 3,
    "redstone": 1
  },
  "waxed_exposed_copper_chain": {
    "exposed_copper_chain": 1,
    "honeycomb": 1
  },
  "waxed_exposed_copper_chest": {
    "exposed_copper_chest": 1,
    "honeycomb": 1
  },
  "waxed_exposed_copper_door": {
    "exposed_copper_door": 1,
    "honeycomb": 1
  },
  "waxed_exposed_copper": {
    "exposed_copper": 1,
    "honeycomb": 1
  },
  "waxed_exposed_copper_golem_statue": {
    "exposed_copper_golem_statue": 1,
    "honeycomb": 1
  },
  "waxed_exposed_copper_grate": {
    "waxed_exposed_copper": 4
  },
  "waxed_exposed_copper_lantern": {
    "exposed_copper_lantern": 1,
    "honeycomb": 1
  },
  "waxed_exposed_copper_trapdoor": {
    "exposed_copper_trapdoor": 1,
    "honeycomb": 1
  },
  "waxed_exposed_cut_copper": {
    "waxed_exposed_copper": 4
  },
  "waxed_exposed_cut_copper_slab": {
    "waxed_exposed_cut_copper": 3
  },
  "waxed_exposed_cut_copper_stairs": {
    "waxed_exposed_cut_copper": 6
  },
  "waxed_exposed_lightning_rod": {
    "exposed_lightning_rod": 1,
    "honeycomb": 1
  },
  "waxed_lightning_rod": {
    "lightning_rod": 1,
    "honeycomb": 1
  },
  "waxed_oxidized_chiseled_copper": {
    "waxed_oxidized_cut_copper_slab": 2
  },
  "waxed_oxidized_copper_bars": {
    "oxidized_copper_bars": 1,
    "honeycomb": 1
  },
  "waxed_oxidized_copper_bulb": {
    "blaze_rod": 1,
    "waxed_oxidized_copper": 3,
    "redstone": 1
  },
  "waxed_oxidized_copper_chain": {
    "oxidized_copper_chain": 1,
    "honeycomb": 1
  },
  "waxed_oxidized_copper_chest": {
    "oxidized_copper_chest": 1,
    "honeycomb": 1
  },
  "waxed_oxidized_copper_door": {
    "oxidized_copper_door": 1,
    "honeycomb": 1
  },
  "waxed_oxidized_copper": {
    "oxidized_copper": 1,
    "honeycomb": 1
  },
  "waxed_oxidized_copper_golem_statue": {
    "oxidized_copper_golem_statue": 1,
    "honeycomb": 1
  },
  "waxed_oxidized_copper_grate": {
    "waxed_oxidized_copper": 4
  },
  "waxed_oxidized_copper_lantern": {
    "oxidized_copper_lantern": 1,
    "honeycomb": 1
  },
  "waxed_oxidized_copper_trapdoor": {
    "oxidized_copper_trapdoor": 1,
    "honeycomb": 1
  },
  "waxed_oxidized_cut_copper": {
    "waxed_oxidized_copper": 4
  },
  "waxed_oxidized_cut_copper_slab": {
    "waxed_oxidized_cut_copper": 3
  },
  "waxed_oxidized_cut_copper_stairs": {
    "waxed_oxidized_cut_copper": 6
  },
  "waxed_oxidized_lightning_rod": {
    "oxidized_lightning_rod": 1,
    "honeycomb": 1
  },
  "waxed_weathered_chiseled_copper": {
    "waxed_weathered_cut_copper_slab": 2
  },
  "waxed_weathered_copper_bars": {
    "weathered_copper_bars": 1,
    "honeycomb": 1
  },
  "waxed_weathered_copper_bulb": {
    "blaze_rod": 1,
    "waxed_weathered_copper": 3,
    "redstone": 1
  },
  "waxed_weathered_copper_chain": {
    "weathered_copper_chain": 1,
    "honeycomb": 1
  },
  "waxed_weathered_copper_chest": {
    "weathered_copper_chest": 1,
    "honeycomb": 1
  },
  "waxed_weathered_copper_door": {
    "weathered_copper_door": 1,
    "honeycomb": 1
  },
  "waxed_weathered_copper": {
    "weathered_copper": 1,
    "honeycomb": 1
  },
  "waxed_weathered_copper_golem_statue": {
    "weathered_copper_golem_statue": 1,
    "honeycomb": 1
  },
  "waxed_weathered_copper_grate": {
    "waxed_weathered_copper": 4
  },
  "waxed_weathered_copper_lantern": {
    "weathered_copper_lantern": 1,
    "honeycomb": 1
  },
  "waxed_weathered_copper_trapdoor": {
    "weathered_copper_trapdoor": 1,
    "honeycomb": 1
  },
  "waxed_weathered_cut_copper": {
    "waxed_weathered_copper": 4
  },
  "waxed_weathered_cut_copper_slab": {
    "waxed_weathered_cut_copper": 3
  },
  "waxed_weathered_cut_copper_stairs": {
    "waxed_weathered_cut_copper": 6
  },
  "waxed_weathered_lightning_rod": {
    "weathered_lightning_rod": 1,
    "honeycomb": 1
  },
  "wayfinder_armor_trim_smithing_template": {
    "diamond": 7,
    "terracotta": 1
  },
  "weathered_chiseled_copper": {
    "weathered_cut_copper_slab": 2
  },
  "weathered_copper_bulb": {
    "blaze_rod": 1,
    "weathered_copper": 3,
    "redstone": 1
  },
  "weathered_copper_grate": {
    "weathered_copper": 4
  },
  "weathered_cut_copper": {
    "weathered_copper": 4
  },
  "weathered_cut_copper_slab": {
    "weathered_cut_copper": 3
  },
  "weathered_cut_copper_stairs": {
    "weathered_cut_copper": 6
  },
  "wheat": {},
  "white_banner": {
    "white_wool": 6,
    "stick": 1
  },
  "white_bundle": {},
  "white_candle": {
    "candle": 1,
    "white_dye": 1
  },
  "white_concrete_powder": {
    "white_dye": 1,
    "sand": 4,
    "gravel": 4
  },
  "white_dye": {
    "bone_meal": 1
  },
  "white_glazed_terracotta": {
    "white_terracotta": 1
  },
  "white_shulker_box": {},
  "white_stained_glass": {
    "glass": 8,
    "white_dye": 1
  },
  "white_stained_glass_pane": {
    "white_stained_glass": 6
  },
  "white_terracotta": {
    "terracotta": 8,
    "white_dye": 1
  },
  "wild_armor_trim_smithing_template": {
    "diamond": 7,
    "mossy_cobblestone": 1
  },
  "wind_charge": {
    "breeze_rod": 1
  },
  "wolf_armor": {
    "armadillo_scute": 6
  },
  "wooden_axe": {
    "stick": 2,
    "wooden_tool_materials": 3
  },
  "wooden_hoe": {
    "stick": 2,
    "wooden_tool_materials": 2
  },
  "wooden_pickaxe": {
    "stick": 2,
    "planks": 3
  },
  "wooden_shovel": {
    "stick": 2,
    "wooden_tool_materials": 1
  },
  "wooden_sword": {
    "stick": 1,
    "wooden_tool_materials": 2
  },
  "writable_book": {
    "book": 1,
    "ink_sac": 1,
    "feather": 1
  },
  "yellow_banner": {
    "yellow_wool": 6,
    "stick": 1
  },
  "yellow_bundle": {},
  "yellow_candle": {
    "candle": 1,
    "yellow_dye": 1
  },
  "yellow_concrete_powder": {
    "yellow_dye": 1,
    "sand": 4,
    "gravel": 4
  },
  "yellow_dye": {
    "dandelion": 1
  },
  "yellow_glazed_terracotta": {
    "yellow_terracotta": 1
  },
  "yellow_shulker_box": {},
  "yellow_stained_glass": {
    "glass": 8,
    "yellow_dye": 1
  },
  "yellow_stained_glass_pane": {
    "yellow_stained_glass": 6
  },
  "yellow_terracotta": {
    "terracotta": 8,
    "yellow_dye": 1
  }
  ,
  "planks": {}
}