{
  "type": "minecraft:crafting_shapeless",
  "category": "misc",
  "group": "carpet_dye",
  "ingredients": [
    "minecraft:yellow_dye",
    [
      "minecraft:black_carpet",
      "minecraft:blue_carpet",
      "minecraft:brown_carpet",
      "minecraft:cyan_carpet",
      "minecraft:gray_carpet",
      "minecraft:green_carpet",
      "minecraft:light_blue_carpet",
      "minecraft:light_gray_carpet",
      "minecraft:lime_carpet",
      "minecraft:magenta_carpet",
      "minecraft:orange_carpet",
      "minecraft:pink_carpet",
      "minecraft:purple_carpet",
      "minecraft:red_carpet",
      "minecraft:white_carpet"
    ]
  ],
  "result": {
    "count": 1,
    "id": "minecraft:yellow_carpet"
  }
}